Employee ID,Name,Email,Phone,Department,Designation,Role,Skills,Location,Join Date,DOB,Bio
EB-3001,Arun Krishnan,arun.krishnan@elektrobit.com,+91 98001 11111,Engineering,Principal Engineer,Platform Architect,"Go,Rust,Kubernetes,gRPC",EB India - Bangalore,2018-02-10,1990-05-15,
EB-3002,Nisha Thomas,nisha.thomas@elektrobit.com,+91 98002 22222,Design,Senior UX Designer,Interaction Designer,"Sketch,Figma,Adobe XD,Motion Design",EB India - Chennai,2022-01-15,1988-05-16,
EB-3003,Karthik Ramesh,karthik.ramesh@elektrobit.com,+91 98003 33333,Data Science,Lead Data Engineer,Data Platform Lead,"Spark,Airflow,Python,Snowflake,dbt",EB India - Hyderabad,2020-08-20,1998-05-17,
EB-3004,Swati Jain,swati.jain@elektrobit.com,+91 98004 44444,HR,Talent Acquisition Lead,Recruitment Head,"LinkedIn Recruiter,Workday,Employer Branding",EB India - Pune,2021-06-01,1993-05-18,
EB-3005,Mohammad Faisal,mohammad.faisal@elektrobit.com,+91 98005 55555,DevOps,SRE Lead,Site Reliability Engineer,"Prometheus,Grafana,Terraform,Helm,AWS",EB India - Bangalore,2019-11-25,1994-09-16,
EB-3006,Janani Chidambaram,janani.chidambaram@elektrobit.com,,Engineering,Senior Technical Specialist,,,EB India,2016-03-09,1978-05-12,
EB-3007,Madhavi Vivek Tatke,madhavi.vivektatke@elektrobit.com,,Engineering,Senior Technical Specialist,,,EB India,2022-09-11,2000-05-13,
EB-3008,Balakrishnan Ramanathan,balakrishnan.ramanathan@elektrobit.com,,Product,Product Manager,,,EB India,2016-11-26,1981-05-14,
EB-3009,Pradeep Thandavamurthy,pradeep.thandavamurthy@elektrobit.com,,Engineering,IT Senior Engineer,,,EB India,2020-04-26,1996-05-18,
EB-3010,Divya Mannali Gopalan,divya.mannaligopalan@elektrobit.com,,Management,Expert Project Manager,,,EB India,2023-05-13,1976-10-30,
EB-3011,Chetan Shanmuganand,chetan.shanmuganand@elektrobit.com,,Management,Expert Project Manager,,,EB India,2016-05-14,1977-05-21,
EB-3012,Chandrashekar Sadashivaiah,chandrashekar.sadashivaiah@elektrobit.com,,Engineering,Senior Technical Architect,,,EB India,2018-05-15,1981-07-24,
EB-3013,Nidhi Gareja,nidhi.gareja@elektrobit.com,,Engineering,Module Lead,,,EB India,2020-05-16,1988-01-18,
EB-3014,Naveen Garg,naveen.garg@elektrobit.com,,Management,Senior Project Manager,,,EB India,2023-05-17,1991-09-26,
EB-3015,Tejinder Sagar,tejinder.sagar@elektrobit.com,,Engineering,Technical Architect,,,EB India,2024-05-18,1980-11-13,
EB-3016,Nikhath Saba,nikhath.saba@elektrobit.com,,Engineering,Technical Architect,,,EB India,2016-06-01,1978-11-09,
EB-3017,Selvaperumal Arumugam,selvaperumal.arumugam@elektrobit.com,,Engineering,Senior Lead Architect,,,EB India,2018-08-23,1979-12-08,
EB-3018,Balamurugan Soundararajan,balamurugan.soundararajan@elektrobit.com,,Engineering,Senior Technical Specialist,,,EB India,2021-02-08,1990-10-19,
EB-3019,Sangareddy Ainapur,sangareddy.ainapur@elektrobit.com,,Engineering,Technical Architect,,,EB India,2018-10-07,1977-11-30,
EB-3020,Praveen Kumar,praveen.kumar@elektrobit.com,,Engineering,Technical Architect,,,EB India,2017-05-17,1985-01-01,
EB-3021,Sachin Asangi,sachin.asangi@elektrobit.com,,Management,Project Manager,,,EB India,2019-08-13,2000-06-12,
EB-3022,Prashanth Kurumbudel,prashanth.kurumbudel@elektrobit.com,,Engineering,Senior Lead Architect,,,EB India,2023-03-22,1975-10-14,
EB-3023,Kishor Sathyan,kishor.sathyan@elektrobit.com,,Management,Project Manager,,,EB India,2020-06-08,1988-10-20,
EB-3024,Shubham Goel,shubham.goel@elektrobit.com,,Engineering,Technical Specialist,,,EB India,2018-12-26,1975-04-17,
EB-3025,Sona Kattilot,sona.kattilot@elektrobit.com,,Engineering,Senior Technical Specialist,,,EB India,2021-08-04,1990-02-27,
EB-3026,Bharat Byadgi,bharat.byadgi@elektrobit.com,,Management,Project Manager,,,EB India,2020-10-20,1977-10-21,
EB-3027,Lokesh Uppara,lokesh.uppara@elektrobit.com,,Engineering,Technical Architect,,,EB India,2020-01-29,1997-05-04,
EB-3028,Vinod Chappidi,vinod.chappidi@elektrobit.com,,Engineering,Technical Architect,,,EB India,2016-02-16,1983-09-16,
EB-3029,Kavyashree Puttaiah,kavyashree.puttaiah@elektrobit.com,,Engineering,Senior Technical Specialist,,,EB India,2024-12-19,1986-12-01,
EB-3030,Harish Selvaraj,harish.selvaraj@elektrobit.com,,Engineering,Lead Technical Architect,,,EB India,2020-03-07,1991-07-15,
EB-3031,Srinidhi Srinivasan,srinidhi.srinivasan@elektrobit.com,,Engineering,Senior Technical Specialist,,,EB India,2021-03-22,1977-04-30,
EB-3032,Suganya Chandran,suganya.chandran@elektrobit.com,,Engineering,Module Lead,,,EB India,2018-01-17,1982-09-27,
EB-3033,Bishnu Prasad,bishnu.prasad@elektrobit.com,,Management,Project Manager,,,EB India,2022-12-06,1994-08-08,
EB-3034,Indu Aravindakshan,indu.aravindakshan@elektrobit.com,,Management,Team Manager,,,EB India,2020-05-12,1975-03-06,
EB-3035,Sowmya Guruvareddy,sowmya.guruvareddy@elektrobit.com,,Engineering,Senior Engineer,,,EB India,2016-03-11,1981-10-09,
EB-3036,Nithesh Bafna,nithesh.bafna@elektrobit.com,,Engineering,Technical Architect,,,EB India,2023-01-22,1976-10-01,
EB-3037,Karthika Hosamane,karthika.hosamane@elektrobit.com,,Management,Project Manager,,,EB India,2019-07-14,1980-10-10,
EB-3038,Suresh Rajendran,suresh.rajendran@elektrobit.com,,Engineering,Senior Technical Specialist,,,EB India,2019-04-19,1993-09-21,
EB-3039,Rosmy Joseph,rosmy.joseph@elektrobit.com,,Engineering,Technical Specialist,,,EB India,2016-01-28,1995-11-12,
EB-3040,Ashutosh Kulkarni,ashutosh.kulkarni@elektrobit.com,,Engineering,Senior Technical Specialist,,,EB India,2023-11-26,1989-07-28,
EB-3041,Pavan Kumar,pavan.kumar@elektrobit.com,,Engineering,Technical Specialist,,,EB India,2016-06-21,1976-05-13,
EB-3042,Venu Jayaramappa,venu.jayaramappa@elektrobit.com,,Engineering,Technical Architect,,,EB India,2021-01-26,1990-11-21,
EB-3043,Tejas B V,tejas.bv@elektrobit.com,,Engineering,Senior Technical Specialist,,,EB India,2017-01-06,1989-04-05,
EB-3044,Dayanand Biradar,dayanand.biradar@elektrobit.com,,Engineering,IT Senior Engineer,,,EB India,2022-02-05,1993-01-06,
EB-3045,Manoj Sharma,manoj.sharma@elektrobit.com,,Engineering,Technical Architect,,,EB India,2022-05-12,1975-02-24,
EB-3046,Nagaraj Shivappa,nagaraj.shivappa@elektrobit.com,,Engineering,Technical Specialist,,,EB India,2023-08-13,1992-05-20,
EB-3047,Manjunath Bhavimani,manjunath.bhavimani@elektrobit.com,,Engineering,Senior Technical Architect,,,EB India,2019-07-06,1975-01-02,
EB-3048,Prabhat Nayak,prabhat.nayak@elektrobit.com,,Engineering,Module Lead,,,EB India,2016-04-13,1994-09-12,
EB-3049,Aswathy Vijayan,aswathy.vijayan@elektrobit.com,,Engineering,Module Lead,,,EB India,2023-06-27,1993-02-18,
EB-3050,Indrayani Kamat,indrayani.kamat@elektrobit.com,,Engineering,Module Lead,,,EB India,2022-02-28,1978-05-12,
EB-3051,Priyanka Amarsingh,priyanka.amarsingh@elektrobit.com,,Engineering,Senior Engineer,,,EB India,2021-09-29,1988-09-10,
EB-3052,Prakash Guttinabailu,prakash.guttinabailu@elektrobit.com,,Management,Expert Project Manager,,,EB India,2018-05-07,1976-01-17,
EB-3053,Mohammed Arif,mohammed.arif@elektrobit.com,,Engineering,Professional,,,EB India,2021-06-08,1991-03-09,
EB-3054,Koteswararao Dosapati,koteswararao.dosapati@elektrobit.com,,Engineering,Technical Architect,,,EB India,2021-09-25,1987-06-04,
EB-3055,Venkatesh Prakash,venkatesh.prakash@elektrobit.com,,Engineering,Business Solution Architect,,,EB India,2022-08-13,1976-11-26,
EB-3056,Ashwini Kamalesh,ashwini.kamalesh@elektrobit.com,,Engineering,Senior Technical Specialist,,,EB India,2024-04-20,1977-11-19,
EB-3057,Mohammed Abdullah,mohammed.abdullah@elektrobit.com,,Engineering,IT Engineer,,,EB India,2021-01-20,1986-12-26,
EB-3058,Keerthi Ramakrishna,keerthi.ramakrishna@elektrobit.com,,Engineering,Technical Architect,,,EB India,2021-02-26,2000-01-05,
EB-3059,Santhosh Nagendra,santhosh.nagendra@elektrobit.com,,Engineering,Technical Specialist,,,EB India,2022-07-07,1981-08-17,
EB-3060,Sindhu Suraj,sindhu.suraj@elektrobit.com,,Engineering,Senior Technical Specialist,,,EB India,2021-09-22,1979-08-19,
EB-3061,Shreyas Rajan,shreyas.rajan@elektrobit.com,,Engineering,Senior Technical Architect,,,EB India,2024-03-31,1998-12-05,
EB-3062,Raghavendra Itagikar,raghavendra.itagikar@elektrobit.com,,Engineering,Technical Architect,,,EB India,2018-01-10,1978-11-12,
EB-3063,Jitendra Kumar,jitendra.kumar@elektrobit.com,,Engineering,Technical Architect,,,EB India,2019-04-13,1989-12-11,
EB-3064,Deepak Samagar,deepak.samagar@elektrobit.com,,Engineering,Senior Technical Specialist,,,EB India,2018-09-23,1983-01-13,
EB-3065,Biswajit Jana,biswajit.jana@elektrobit.com,,Management,Senior Manager,,,EB India,2018-03-27,1998-03-10,
EB-3066,Pankaj Pande,pankaj.pande@elektrobit.com,,Engineering,Technical Architect,,,EB India,2018-05-27,1979-04-30,
EB-3067,Nimisha Thilak,nimisha.thilak@elektrobit.com,,Engineering,Senior Technical Specialist,,,EB India,2024-03-21,1991-05-19,
EB-3068,Kavyashree Eshwar,kavyashree.eshwar@elektrobit.com,,Engineering,Module Lead,,,EB India,2016-10-04,1978-10-18,
EB-3069,Ashrafi Dhunjeebhoy,ashrafi.dhunjeebhoy@elektrobit.com,,Engineering,Expert,,,EB India,2016-12-11,1979-10-28,
EB-3070,Harish Nanjundaswamy,harish.nanjundaswamy@elektrobit.com,,Management,Team Manager,,,EB India,2019-05-12,1991-08-11,
EB-3071,Veeresh Kariyappa,veeresh.kariyappa@elektrobit.com,,Engineering,Senior Technical Specialist,,,EB India,2023-01-18,1986-02-26,
EB-3072,Hari Babu,hari.babu@elektrobit.com,,Engineering,Senior Technical Architect,,,EB India,2017-09-11,1983-05-12,
EB-3073,Jayakrishnan Komath,jayakrishnan.komath@elektrobit.com,,Sales,Senior Sales Manager,,,EB India,2021-11-30,1991-10-27,
EB-3074,Pradeep Kalaiah,pradeep.kalaiah@elektrobit.com,,Engineering,Software Engineer B,,,EB India,2016-04-10,1987-11-05,
EB-3075,Mohana Thanikachalam,mohana.thanikachalam@elektrobit.com,,Engineering,Technical Architect,,,EB India,2020-11-26,1985-01-24,
EB-3076,Murali C M,murali.cm@elektrobit.com,,Engineering,Technical Architect,,,EB India,2019-12-25,1995-11-01,
EB-3077,Aniruddha Bhattacharjee,aniruddha.bhattacharjee@elektrobit.com,,Engineering,Technical Specialist,,,EB India,2020-06-01,1982-11-15,
EB-3078,Mohit Ranjan,mohit.ranjan@elektrobit.com,,Engineering,Module Lead,,,EB India,2022-10-27,1991-09-12,
EB-3079,Anjali Mishra,anjali.mishra@elektrobit.com,,Engineering,Module Lead,,,EB India,2023-04-03,1978-05-18,
EB-3080,Aastha Padhiar,aastha.padhiar@elektrobit.com,,Engineering,Senior Engineer,,,EB India,2022-02-11,1998-12-26,
EB-3081,Anjali Jain,anjali.jain@elektrobit.com,,Engineering,Senior Engineer,,,EB India,2024-09-11,1983-11-28,
EB-3082,Sagarika Gupta,sagarika.gupta@elektrobit.com,,Engineering,Senior Engineer,,,EB India,2021-09-30,1981-05-04,
EB-3083,Ajay Rawat,ajay.rawat@elektrobit.com,,Engineering,Senior Engineer,,,EB India,2023-04-30,1985-01-28,
EB-3084,Gitesh Bhasin,gitesh.bhasin@elektrobit.com,,Engineering,Senior Engineer,,,EB India,2020-03-06,1997-07-14,
EB-3085,Ankit Sharma,ankit.sharma@elektrobit.com,,Engineering,Senior Engineer,,,EB India,2018-12-30,1999-04-13,
EB-3086,Kuldeep Miraje,kuldeep.miraje@elektrobit.com,,Engineering,Module Lead,,,EB India,2020-11-11,1993-08-14,
EB-3087,Hardik Gupta,hardik.gupta@elektrobit.com,,Engineering,Senior Engineer,,,EB India,2020-06-05,1980-06-03,
EB-3088,Priya Verma,priya.verma@elektrobit.com,,Engineering,Senior Engineer,,,EB India,2018-02-06,1979-05-10,
EB-3089,Kamia Mitra,kamia.mitra@elektrobit.com,,Engineering,Module Lead,,,EB India,2024-06-26,1996-01-07,
EB-3090,Draksharapu Prasad,draksharapu.prasad@elektrobit.com,,Engineering,Senior Engineer,,,EB India,2018-11-25,1986-10-24,
EB-3091,Zaid Imroz,zaid.imroz@elektrobit.com,,Engineering,Senior Engineer,,,EB India,2020-11-23,1994-07-20,
EB-3092,Shubhi Agarwal,shubhi.agarwal@elektrobit.com,,Engineering,Senior Engineer,,,EB India,2017-04-05,1997-10-09,
EB-3093,Vijayan Thangavel,vijayan.thangavel@elektrobit.com,,Engineering,Senior Technical Specialist,,,EB India,2020-01-15,1998-12-06,
EB-3094,Mounika Rachamadugu,mounika.rachamadugu@elektrobit.com,,Engineering,Senior Engineer,,,EB India,2022-09-02,1980-09-26,
EB-3095,Usha T C,usha.tc@elektrobit.com,,Management,Team Manager,,,EB India,2022-05-12,1979-01-29,
EB-3096,Anagha Govindjiwala,anagha.govindjiwala@elektrobit.com,,Engineering,Module Lead,,,EB India,2021-05-28,1984-12-27,
EB-3097,Monika Verma,monika.verma@elektrobit.com,,Management,Project Manager,,,EB India,2022-10-17,1975-11-23,
EB-3098,Deepak Prabhu,deepak.prabhu@elektrobit.com,,Management,Team Manager,,,EB India,2021-10-30,1987-08-22,
EB-3099,Manidhar Mulaparthi,manidhar.mulaparthi@elektrobit.com,,Engineering,Technical Architect,,,EB India,2023-03-20,1995-10-29,
EB-3100,Sindu Nadiger,sindu.nadiger@elektrobit.com,,Management,Team Manager,,,EB India,2024-02-11,1984-12-18,
EB-3101,Hari Lokachari,hari.lokachari@elektrobit.com,,Engineering,Module Lead,,,EB India,2016-03-27,1999-04-20,
EB-3102,Nikitha Kiran,nikitha.kiran@elektrobit.com,,Engineering,Technical Specialist,,,EB India,2017-06-08,1985-12-20,
EB-3103,Gopinath Govindappa,gopinath.govindappa@elektrobit.com,,Engineering,Technical Specialist,,,EB India,2019-03-05,1987-10-05,
EB-3104,Meghana Sambranikar,meghana.sambranikar@elektrobit.com,,Engineering,Module Lead,,,EB India,2023-07-28,1996-08-19,
EB-3105,Priyadharshini Kesavan,priyadharshini.kesavan@elektrobit.com,,Engineering,Senior Engineer,,,EB India,2022-10-18,1977-02-19,
EB-3106,Anoop Vasudevan,anoop.vasudevan@elektrobit.com,,Management,Expert Project Manager,,,EB India,2023-05-20,1988-07-19,
EB-3107,Tony Thomas,tony.thomas@elektrobit.com,,Engineering,Senior Technical Architect,,,EB India,2018-09-15,1993-06-12,
EB-3108,Akhila S,akhila.s@elektrobit.com,,Engineering,Senior Engineer,,,EB India,2016-06-03,1982-03-15,
EB-3109,Syalu C S,syalu.cs@elektrobit.com,,Engineering,Technical Specialist,,,EB India,2020-12-01,1979-09-28,
EB-3110,Athira Sankar,athira.sankar@elektrobit.com,,Engineering,Executive Engineer,,,EB India,2019-10-11,1995-07-09,
EB-3111,Rajesh Turala,rajesh.turala@elektrobit.com,,Engineering,Senior Engineer,,,EB India,2020-09-18,1988-11-13,
EB-3112,Venkata Suresh Vemulapalli,venkata.vemulapalli@elektrobit.com,,Engineering,Senior Engineer,,,EB India,2017-12-05,1994-07-06,
EB-3113,Abhijith K,abhijith.k@elektrobit.com,,Engineering,Senior Engineer,,,EB India,2020-10-21,1993-05-12,
EB-3114,Swetha K,swetha.k@elektrobit.com,,Engineering,Senior Engineer,,,EB India,2019-02-16,1976-05-15,
EB-3115,Nithisha V,nithisha.v@elektrobit.com,,Engineering,Senior Engineer,,,EB India,2024-06-08,1988-05-17,
EB-3116,Abhay Ajith,abhay.ajith@elektrobit.com,,Engineering,Executive Engineer,,,EB India,2016-08-25,1988-05-16,
EB-3117,Chandra Balaga,chandra.balaga@elektrobit.com,,Engineering,Executive Engineer,,,EB India,2023-11-09,1981-10-07,
EB-3118,Mohammed Ali Shaik,mohammedali.shaik@elektrobit.com,,Engineering,Executive Engineer,,,EB India,2016-01-22,1981-09-29,
EB-3119,Hariharathmajan R K,hariharathmajan.rk@elektrobit.com,,Engineering,Executive Engineer,,,EB India,2016-01-18,1975-01-20,
EB-3120,Samarth B S,samarth.bs@elektrobit.com,,Engineering,Executive Engineer,,,EB India,2024-09-14,1983-02-14,
EB-3121,Shivam Kumar,shivam.kumar@elektrobit.com,,Engineering,Executive Engineer,,,EB India,2018-09-15,1996-10-15,
EB-3122,Niharika Padmanabhan,niharika.padmanabhan@elektrobit.com,,Engineering,Executive Engineer,,,EB India,2024-03-04,1978-05-13,
EB-3123,Anjana Rajan,anjana.rajan@elektrobit.com,,Engineering,Intern,,,EB India,2021-06-07,1977-05-14,
EB-3124,Diya P Varghese,diya.pvarghese@elektrobit.com,,Engineering,Intern,,,EB India,2018-07-28,1996-05-12,
EB-3125,Anjaneyulu Avula,anjaneyulu.avula@elektrobit.com,,Engineering,Senior Engineer,,,EB India,2022-04-14,1998-12-05,
EB-3126,Siva Reddy Devireddy,siva.devireddy@elektrobit.com,,Engineering,Project Manager,,,EB India,2024-10-09,1975-09-15,
EB-3127,Simpa N H,simpa.nh@elektrobit.com,,Engineering,Executive Engineer,,,EB India,2020-02-12,1990-06-28,
EB-3128,Krishnavamsi Chella,krishnavamsi.chella@elektrobit.com,,Engineering,Executive Engineer,,,EB India,2019-12-15,1980-11-30,
EB-3129,Cheemireddygari Reddy,cheemireddygari.reddy@elektrobit.com,,Engineering,Executive Engineer,,,EB India,2024-03-12,1997-03-11,
EB-3130,Manikanta Boddeda,manikanta.boddeda@elektrobit.com,,Engineering,Module Lead,,,EB India,2021-09-05,1977-10-16,
EB-3131,Vignesh T,vignesh.t@elektrobit.com,,Engineering,Technical Specialist,,,EB India,2016-02-12,1994-11-05,
EB-3132,Siddarth Patil,siddarth.patil@elektrobit.com,,Engineering,Senior Technical Architect,,,EB India,2018-11-02,1988-07-24,
EB-3133,Rajesh Shet,rajesh.shet@elektrobit.com,,Management,Manager,,,EB India,2019-08-01,1980-01-16,
EB-3134,Manikanda Rajan G,manikanda.g@elektrobit.com,,Engineering,Engineer,,,EB India,2019-10-11,1986-01-10,
EB-3135,Vidyashree P N,vidyashree.pn@elektrobit.com,,Engineering,Engineer,,,EB India,2018-02-23,1997-07-23,
EB-3136,Ramachandra Bheed,ramachandra.bheed@elektrobit.com,,Engineering,Engineer,,,EB India,2016-01-16,1980-05-12,
EB-3137,Madhura Vikas Gavali,madhura.gavali@elektrobit.com,,Engineering,Engineer,,,EB India,2016-11-24,2000-01-03,
EB-3138,Shubham O,shubham.o@elektrobit.com,,Engineering,Engineer,,,EB India,2023-02-22,1993-05-22,
EB-3139,Harish J,harish.j@elektrobit.com,,Engineering,Engineer,,,EB India,2016-09-25,1996-02-26,
EB-3140,Shrungar Ghormare,shrungar.ghormare@elektrobit.com,,Engineering,Engineer,,,EB India,2022-05-30,1998-04-24,
EB-3141,Shashikiran R,shashikiran.r@elektrobit.com,,Engineering,Engineer,,,EB India,2021-05-20,1998-08-16,
EB-3142,Jiljith John,jiljith.john@elektrobit.com,,Engineering,Engineer,,,EB India,2016-11-09,1990-10-09,
EB-3143,Rangegowda R,rangegowda.r@elektrobit.com,,Engineering,Engineer,,,EB India,2023-09-16,1979-03-17,
EB-3144,Suhas MV,suhas.mv@elektrobit.com,,Engineering,Engineer,,,EB India,2023-02-26,1979-01-14,
EB-3145,Pavan Kumar Redy Parlapalli,pavankumarredy.parlapalli@elektrobit.com,,Engineering,Engineer,,,EB India,2019-01-13,1978-03-21,
EB-3146,Sagar Banchhor,sagar.banchhor@elektrobit.com,,Engineering,Engineer,,,EB India,2016-05-29,2000-01-23,
EB-3147,Shreesha Aithal,shreesha.aithal@elektrobit.com,,Engineering,Engineer,,,EB India,2020-01-15,1994-07-29,
EB-3148,Manasvi K M,manasvi.km@elektrobit.com,,Engineering,Engineer,,,EB India,2021-12-31,1994-10-30,
EB-3149,Shreya Torke,shreya.torke@elektrobit.com,,Engineering,Engineer,,,EB India,2024-12-12,1977-10-10,
EB-3150,Vishwanidhi Gobbur,vishwanidhi.gobbur@elektrobit.com,,Engineering,Engineer,,,EB India,2021-12-03,1982-01-24,
EB-3151,Pavankumar J,pavankumar.j@elektrobit.com,,Engineering,Engineer,,,EB India,2023-11-25,1986-02-14,
EB-3152,Sindhu B,sindhu.b@elektrobit.com,,Engineering,Engineer,,,EB India,2017-11-29,1997-07-19,
EB-3153,Shruti M,shruti.m@elektrobit.com,,Engineering,Engineer,,,EB India,2023-09-30,1996-07-30,
EB-3154,Anupama Sangayya Swami,anupama.sangayyaswami@elektrobit.com,,Engineering,Engineer,,,EB India,2020-02-10,1994-01-25,
EB-3155,Iqbal Singh,iqbal.singh@elektrobit.com,,Engineering,Engineer,,,EB India,2019-03-09,1997-08-23,
EB-3156,Balamurugan T,balamurugan.t@elektrobit.com,,Engineering,Engineer,,,EB India,2022-03-02,1998-08-06,
EB-3157,Chaluvadi Venkateswarlu,chaluvadi.venkateswarlu@elektrobit.com,,Engineering,Engineer,,,EB India,2019-02-01,1982-03-09,
EB-3158,Kishore Gowda,kishore.gowda@elektrobit.com,,Engineering,Engineer,,,EB India,2016-02-04,1982-07-28,
EB-3159,Padmanabha Venkatakrishnan,padmanabha.venkatakrishnan@elektrobit.com,,Engineering,Engineer,,,EB India,2019-03-08,1978-07-09,
EB-3160,Aparna Badiger,aparna.badiger@elektrobit.com,,Engineering,Engineer,,,EB India,2017-01-07,2000-06-12,
EB-3161,Chidambaram Kumar,chidambaram.kumar@elektrobit.com,,Engineering,Engineer,,,EB India,2017-12-04,1978-02-13,
EB-3162,Pradeep Donni,pradeep.donni@elektrobit.com,,Engineering,Engineer,,,EB India,2018-04-10,1990-01-10,
EB-3163,Vivek Patidar,vivek.patidar@elektrobit.com,,Engineering,Engineer,,,EB India,2018-04-27,1976-08-20,
EB-3164,Jegatheeswaran B S,jegatheeswaran.bs@elektrobit.com,,Engineering,Engineer,,,EB India,2016-08-03,1989-02-12,
EB-3165,Sanjai S S,sanjai.ss@elektrobit.com,,Engineering,Engineer,,,EB India,2022-02-23,1997-12-10,
EB-3166,Aravinth T,aravinth.t@elektrobit.com,,Engineering,Engineer,,,EB India,2016-06-25,1997-02-15,
EB-3167,Mohamed Muzammil,muzammil.mohamed@elektrobit.com,,Engineering,Engineer,,,EB India,2024-11-10,1980-01-24,
EB-3168,Gaurav Gupta,gaurav.gupta@elektrobit.com,,Engineering,Engineer,,,EB India,2017-02-23,1979-03-07,
EB-3169,Seema Srinivasa Murthy,seema.srinivasamurthy@elektrobit.com,,Engineering,Engineer,,,EB India,2019-12-05,1987-03-23,
EB-3170,Arun Dachepalli,arun.dachepalli@elektrobit.com,,Engineering,Engineer,,,EB India,2018-05-26,2000-07-28,
EB-3171,Varun Korivi,varun.korivi@elektrobit.com,,Engineering,Engineer,,,EB India,2018-05-24,1980-11-24,
EB-3172,Akshay E,akshay.e@elektrobit.com,,Engineering,Engineer,,,EB India,2022-01-05,1988-01-30,
EB-3173,Sai Harsha Vardhan Reddy Pebbeti,saiharsha.pebbeti@elektrobit.com,,Engineering,Engineer,,,EB India,2019-01-09,1989-01-03,
EB-3174,Umesh Hiremath,umesh.hiremath@elektrobit.com,,Engineering,Engineer,,,EB India,2021-04-18,1989-10-14,
EB-3175,Hazarath Maddali,hazarath.maddali@elektrobit.com,,Engineering,Engineer,,,EB India,2020-04-07,1982-06-15,
EB-3176,Sivasubramanian M,sivasubramanian.m@elektrobit.com,,Engineering,Engineer,,,EB India,2018-07-19,1988-12-20,
EB-3177,Ravi Bashettiyavar,ravi.bashettiyavar@elektrobit.com,,Engineering,Engineer,,,EB India,2017-04-17,1979-01-23,
EB-3178,Hari Krishna Koneti,harikrishna.koneti@elektrobit.com,,Engineering,Engineer,,,EB India,2019-08-31,1976-12-07,
EB-3179,Sudhanva D J,sudhanva.dj@elektrobit.com,,Engineering,Engineer,,,EB India,2016-02-03,1994-09-26,
EB-3180,Puneeth H S,puneeth.hs@elektrobit.com,,Engineering,Engineer,,,EB India,2017-12-03,1991-02-11,
EB-3181,Abhilash Manikonda,abhilash.manikonda@elektrobit.com,,Engineering,Engineer,,,EB India,2022-09-19,1994-08-19,
EB-3182,Kantharaja S,kantharaja.s@elektrobit.com,,Engineering,Engineer,,,EB India,2020-01-12,1983-06-04,
EB-3183,Rajendra Raikar,rajendra.raikar@elektrobit.com,,Engineering,Engineer,,,EB India,2017-11-28,1980-03-19,
EB-3184,Nishanth R,nishanth.r@elektrobit.com,,Engineering,Engineer,,,EB India,2019-10-31,1987-12-16,
EB-3185,Tarun Mahajan,tarun.mahajan@elektrobit.com,,Engineering,Engineer,,,EB India,2019-05-03,1990-10-08,
EB-3186,Satish Ambulge,satish.ambulge@elektrobit.com,,Engineering,Engineer,,,EB India,2021-07-12,1994-02-18,
EB-3187,Nakul B R,nakul.br@elektrobit.com,,Engineering,Engineer,,,EB India,2020-03-10,1995-02-22,
EB-3188,Durga Prasad Jena,durga.jena@elektrobit.com,,Engineering,Engineer,,,EB India,2019-07-25,1985-10-14,
EB-3189,Shwetha K A,shwetha.ka@elektrobit.com,,Engineering,Engineer,,,EB India,2019-03-28,1976-12-19,
EB-3190,Seema Murthy,seema.murthy@elektrobit.com,,Engineering,Engineer,,,EB India,2017-06-19,1978-08-26,
EB-3191,Supreetha Ramaswamy,supreetha.ramaswamy@elektrobit.com,,Engineering,Engineer,,,EB India,2019-09-04,1992-01-07,
EB-3192,Nazareth Samson,nazareth.samson@elektrobit.com,,Engineering,Engineer,,,EB India,2023-06-21,1995-10-16,
EB-3193,Kollu Nandakumar,kollu.nandakumar@elektrobit.com,,Management,Manager,,,EB India,2023-04-25,1986-01-09,
EB-3194,Sai Sridhar S,saisridhar.s@elektrobit.com,,Engineering,Engineer,,,EB India,2019-08-05,1995-07-03,
EB-3195,Bharath Kumar B R,bharath.br@elektrobit.com,,Engineering,Engineer,,,EB India,2020-08-07,1980-10-01,
EB-3196,Bhavith Chandradev,bhavith.chandradev@elektrobit.com,,Engineering,Engineer,,,EB India,2020-07-01,1993-02-07,
EB-3197,Shrutika Patruji Sonune,shrutika.patruji@elektrobit.com,,Engineering,Engineer,,,EB India,2018-10-09,1998-06-22,
EB-3198,Madhura A,madhura.a@elektrobit.com,,Engineering,Engineer,,,EB India,2019-12-08,1983-07-25,
EB-3199,Lalitha Sowjanya Akella,lalitha.akella@elektrobit.com,,Engineering,Engineer,,,EB India,2019-04-12,1980-09-03,
EB-3200,Aleena Raj Antony,aleena.antony@elektrobit.com,,Engineering,Engineer,,,EB India,2022-10-31,1994-09-03,
EB-3201,Suraj B R,suraj.br@elektrobit.com,,Engineering,Engineer,,,EB India,2024-08-27,1979-05-24,
EB-3202,Bency Baby,bency.baby@elektrobit.com,,Engineering,Engineer,,,EB India,2020-05-01,1991-03-03,
EB-3203,Anilkumar Belagali,anilkumar.belagali@elektrobit.com,,Engineering,Engineer,,,EB India,2016-08-10,1978-08-11,
EB-3204,Chiruvella Bhargavi,chiruvella.bhargavi@elektrobit.com,,Engineering,Engineer,,,EB India,2017-06-21,1981-12-08,
EB-3205,Chinmay Subray Bhat,chinmay.bhat@elektrobit.com,,Engineering,Engineer,,,EB India,2023-12-27,1986-04-29,
EB-3206,Pooja D,pooja.d@elektrobit.com,,Engineering,Engineer,,,EB India,2018-10-28,1979-09-02,
EB-3207,Shubham Sanjay Deshmukh,shubham.deshmukh@elektrobit.com,,Engineering,Engineer,,,EB India,2017-08-06,1992-02-13,
EB-3208,Poornima Devi K,poornima.devik@elektrobit.com,,Engineering,Engineer,,,EB India,2024-08-27,1999-08-27,
EB-3209,Dheeraj E,dheeraj.e@elektrobit.com,,Engineering,Engineer,,,EB India,2017-09-29,1977-10-11,
EB-3210,Vyshali G,vyshali.g@elektrobit.com,,Engineering,Engineer,,,EB India,2020-07-13,1975-01-13,
EB-3211,Saurabh Sanjay Gawande,saurabh.gawande@elektrobit.com,,Engineering,Engineer,,,EB India,2017-01-25,1993-06-24,
EB-3212,Faloudeep Gupta,faloudeep.gupta@elektrobit.com,,Engineering,Engineer,,,EB India,2021-04-02,1994-11-09,
EB-3213,Balamohan J,balamohan.j@elektrobit.com,,Engineering,Engineer,,,EB India,2019-02-09,1978-04-15,
EB-3214,Arjun Shivappa Jagadale,arjun.jagadale@elektrobit.com,,Engineering,Engineer,,,EB India,2020-10-19,1986-12-28,
EB-3215,Shweta Jogur,shweta.jogur@elektrobit.com,,Engineering,Engineer,,,EB India,2021-10-06,1979-07-05,
EB-3216,Sai Krishnan,sai.krishnan@elektrobit.com,,Engineering,Engineer,,,EB India,2016-09-01,1999-04-08,
EB-3217,Kanhaiya Lal Gupta,kanhaiya.gupta@elektrobit.com,,Engineering,Engineer,,,EB India,2017-05-05,1999-04-08,
EB-3218,Rishabh Mathur,rishabh.mathur@elektrobit.com,,Engineering,Engineer,,,EB India,2023-10-21,1975-08-22,
EB-3219,Akhil Mishra,akhil.mishra@elektrobit.com,,Engineering,Engineer,,,EB India,2019-12-20,1980-01-03,
EB-3220,Mohammad Muzammil,mohammad.muzammil@elektrobit.com,,Engineering,Engineer,,,EB India,2016-07-02,1985-04-13,
EB-3221,Priyanka Ganjude Namdeorao,priyanka.ganjude@elektrobit.com,,Engineering,Engineer,,,EB India,2024-12-26,1990-08-08,
EB-3222,Apoorva Nayak,apoorva.nayak@elektrobit.com,,Engineering,Engineer,,,EB India,2017-07-09,1996-10-07,
EB-3223,Alwina Achu Oommen,alwina.oommen@elektrobit.com,,Engineering,Engineer,,,EB India,2023-06-24,1991-08-12,
EB-3224,Bhagyashri Patil,bhagyashri.patil@elektrobit.com,,Engineering,Engineer,,,EB India,2022-04-11,1996-04-04,
EB-3225,Mayur Ashok Patil,mayur.patil@elektrobit.com,,Engineering,Engineer,,,EB India,2023-12-11,1977-01-07,
EB-3226,Sonal Patil,sonal.patil@elektrobit.com,,Engineering,Engineer,,,EB India,2019-06-20,1981-05-04,
EB-3227,Srinivas Pawar,srinivas.pawar@elektrobit.com,,Engineering,Engineer,,,EB India,2022-03-20,1980-06-20,
EB-3228,Amit Suresh Pilankar,amit.pilankar@elektrobit.com,,Engineering,Engineer,,,EB India,2018-04-21,1982-09-06,
EB-3229,Rahul Ramesh Poojari,rahul.poojari@elektrobit.com,,Engineering,Engineer,,,EB India,2017-01-26,1980-02-05,
EB-3230,Vishwanatha Poojari,vishwanatha.poojari@elektrobit.com,,Engineering,Engineer,,,EB India,2023-01-06,1993-06-24,
EB-3231,Sarita P V,sarita.pv@elektrobit.com,,Engineering,Engineer,,,EB India,2017-08-14,1980-12-25,
EB-3232,Rama Krishna Pragada,ramakrishna.pragada@elektrobit.com,,Engineering,Engineer,,,EB India,2017-02-12,1983-09-10,
EB-3233,Sowmya Puttabuddi,sowmya.puttabuddi@elektrobit.com,,Engineering,Engineer,,,EB India,2019-04-28,1992-06-07,
EB-3234,Prashanth R P,prashanth.rp@elektrobit.com,,Engineering,Engineer,,,EB India,2024-08-08,1997-05-27,
EB-3235,Shriram Raghavan,shriram.raghavan@elektrobit.com,,Engineering,Engineer,,,EB India,2023-08-24,1994-10-21,
EB-3236,Shiva Nand Rai,shivanand.rai@elektrobit.com,,Engineering,Engineer,,,EB India,2017-01-31,1996-08-22,
EB-3237,Puneetha Ramya,puneetha.ramya@elektrobit.com,,Engineering,Engineer,,,EB India,2019-01-16,1980-07-28,
EB-3238,Ritesh Rohan,ritesh.rohan@elektrobit.com,,Engineering,Engineer,,,EB India,2019-04-03,1976-01-14,
EB-3239,Nikhitha S A,nikhitha.sa@elektrobit.com,,Engineering,Engineer,,,EB India,2020-10-20,1989-10-29,
EB-3240,Prasanna Golasangi S G,prasanna.golasangi@elektrobit.com,,Engineering,Engineer,,,EB India,2020-07-01,1975-06-15,
EB-3241,Anil Kumara S L,anilkumara.sl@elektrobit.com,,Engineering,Engineer,,,EB India,2021-01-18,1981-05-11,
EB-3242,Aishwarya S V,aishwarya.sv@elektrobit.com,,Engineering,Engineer,,,EB India,2019-10-10,1997-07-26,
EB-3243,Akash S,akash.s@elektrobit.com,,Engineering,Engineer,,,EB India,2017-06-20,1985-05-23,
EB-3244,Anusha S,anusha.s@elektrobit.com,,Engineering,Engineer,,,EB India,2018-05-23,1999-06-21,
EB-3245,Yashaswi Sharma,yashaswi.sharma@elektrobit.com,,Engineering,Engineer,,,EB India,2021-01-27,1995-04-17,
EB-3246,Soumya Shidnal,soumya.shidnal@elektrobit.com,,Engineering,Engineer,,,EB India,2023-03-19,1977-01-31,
EB-3247,Prabhjot Singh,prabhjot.singh@elektrobit.com,,Engineering,Engineer,,,EB India,2024-01-01,1990-11-08,
EB-3248,Mallela Suneetha,mallela.suneetha@elektrobit.com,,Engineering,Engineer,,,EB India,2019-01-22,1994-03-06,
EB-3249,Tahura Tazalli,tahura.tazalli@elektrobit.com,,Engineering,Engineer,,,EB India,2024-10-04,1996-09-10,
EB-3250,Shrikrishna Tripathi,shrikrishna.tripathi@elektrobit.com,,Engineering,Engineer,,,EB India,2019-03-17,1982-10-25,
EB-3251,Pavana Narasimha Vaddi,pavana.vaddi@elektrobit.com,,Engineering,Engineer,,,EB India,2017-12-09,1992-09-14,
EB-3252,Ayushi Chandrakar,ayushi.chandrakar@elektrobit.com,,Engineering,Engineer,,,EB India,2016-04-14,1985-07-26,
EB-3253,Pooja Bm,pooja.bm@elektrobit.com,,Engineering,Senior Engineer,,,EB India,2023-04-13,1997-11-20,
EB-3254,Guru Alekhya Bodagala,guru.bodagala@elektrobit.com,,Engineering,Senior Engineer,,,EB India,2023-08-26,1980-11-08,
EB-3255,Harshit Mimani,harshit.mimani@elektrobit.com,,Engineering,Executive Engineer,,,EB India,2021-02-20,2000-05-26,
EB-3256,Rashmi Hariharan,rashmi.hariharan@elektrobit.com,,Engineering,Senior Engineer,,,EB India,2017-06-12,1981-03-24,
EB-3257,Archana O S,archana.os@elektrobit.com,,Management,Deputy General Manager,,,EB India,2018-08-22,1977-05-11,
EB-3258,Ashwini S,ashwini.s@elektrobit.com,,Management,Lead Specialist,,,EB India,2017-08-07,1981-10-11,
EB-3259,Shiwani Darekar,shiwani.darekar@elektrobit.com,,Engineering,Executive Engineer,,,EB India,2021-12-01,1999-05-18,
EB-3260,Christian Drothler,christian.drothler@elektrobit.com,,Management,Vice President,,,EB Germany,2016-08-02,1984-12-16,
EB-3261,Udaykumar Khot,udaykumar.khot@elektrobit.com,,Engineering,Technical Architect,,,EB India,2023-10-26,2000-04-23,
EB-3262,Manoj Tegginmani,manoj.tegginmani@elektrobit.com,,Engineering,Senior Engineer,,,EB India,2019-04-24,1979-01-20,
EB-3263,Divya C,divya.c@elektrobit.com,,Engineering,Technical Specialist,,,EB India,2018-07-11,1977-01-22,
EB-3264,Soumyasri V,soumyasri.v@elektrobit.com,,Engineering,Executive Engineer,,,EB India,2020-10-17,1988-12-12,
EB-3265,Sathyanarayanan GA,sathyanarayanan.ga@elektrobit.com,,Engineering,Executive Engineer,,,EB India,2022-09-03,1986-08-10,
EB-3266,Kishan D S,kishan.ds@elektrobit.com,,Management,Project Manager,,,EB India,2020-06-12,1996-04-26,
EB-3267,Olaf Sontgen,olaf.sontgen@elektrobit.com,,Management,Director,,,EB Germany,2018-03-22,1979-03-31,
EB-3268,Sachin Gotakindi,sachin.gotakindi@elektrobit.com,,Engineering,Senior Technical Architect,,,EB India,2019-06-27,1976-10-08,
EB-3269,Jayashree Kusugal,jayashree.kusugal@elektrobit.com,,Engineering,Executive Engineer,,,EB India,2019-07-09,1993-06-25,
EB-3270,Padmapriya V,padmapriya.v@elektrobit.com,,Engineering,Module Lead,,,EB India,2024-09-09,1988-10-09,
EB-3271,Jegadeesan K,jegadeesan.k@elektrobit.com,,Engineering,Module Lead,,,EB India,2024-08-05,1978-04-03,
EB-3272,Veeresh Javali,veeresh.javali@elektrobit.com,,Engineering,Senior Engineer,,,EB India,2021-08-26,1989-04-20,
EB-3273,Kirankumar H R,kirankumar.hr@elektrobit.com,,Engineering,Senior Technical Specialist,,,EB India,2021-07-04,1997-02-10,
EB-3274,Rohan Bhadavankar,rohan.bhadavankar@elektrobit.com,,Engineering,Executive Engineer,,,EB India,2020-01-12,1979-01-26,
EB-3275,Aman Shant,aman.shant@elektrobit.com,,Engineering,Module Lead,,,EB India,2021-01-18,1976-04-04,
EB-3276,SelvaGanesh K,selvaganesh.k@elektrobit.com,,Engineering,Executive Engineer,,,EB India,2018-06-21,1999-05-21,
EB-3277,Shikha Yogesh Maharajwala,shikha.maharajwala@elektrobit.com,,Engineering,Executive Engineer,,,EB India,2017-12-06,1998-09-07,
EB-3278,Karthika Sadhasivam,karthika.sadhasivam@elektrobit.com,,Engineering,Senior Technical Specialist,,,EB India,2017-10-11,1983-06-21,
EB-3279,Monika Sugriv Sawase,monika.sawase@elektrobit.com,,Engineering,Executive Engineer,,,EB India,2017-10-26,1995-01-11,
EB-3280,Guru Barik,guru.barik@elektrobit.com,,Engineering,Module Lead,,,EB India,2020-11-22,1993-04-09,
EB-3281,Suja Jayakumar,suja.jayakumar@elektrobit.com,,Engineering,Module Lead,,,EB India,2024-07-21,1998-09-12,
EB-3282,Maya Patil,maya.patil@elektrobit.com,,Engineering,Module Lead,,,EB India,2023-06-02,1982-06-07,
EB-3283,Sony Cyriac,sony.cyriac@elektrobit.com,,Engineering,Senior Technical Specialist,,,EB India,2021-09-10,1986-08-08,
EB-3284,Sudhakar Hallur,sudhakar.hallur@elektrobit.com,,Engineering,Senior Engineer,,,EB India,2017-04-23,1997-09-24,
EB-3285,Rahul P,rahul.p@elektrobit.com,,Engineering,Technical Specialist,,,EB India,2018-01-14,1988-03-03,
EB-3286,Prabhu S,prabhu.s@elektrobit.com,,Engineering,Technical Specialist,,,EB India,2023-03-01,1980-09-01,
EB-3287,Kashinath Biradar,kashinath.biradar@elektrobit.com,,Engineering,Senior Technical Specialist,,,EB India,2021-12-03,1989-08-17,
EB-3288,Christine Kirbach,christine.kirbach@elektrobit.com,,Management,Vice President,,,EB Germany,2021-05-24,1986-05-26,
EB-3289,Imsiya K A,imsiya.ka@elektrobit.com,,Engineering,Module Lead,,,EB India,2023-04-06,1987-05-08,
EB-3290,Shravya M,shravya.m@elektrobit.com,,Engineering,Executive Engineer,,,EB India,2019-05-14,1999-07-09,
EB-3291,Aishwarya Rao,aishwarya.rao@elektrobit.com,,Engineering,Executive Engineer,,,EB India,2017-03-08,1984-02-18,
EB-3292,Aarti Patil,aarti.patil@elektrobit.com,,Engineering,Executive Engineer,,,EB India,2024-04-26,1984-01-06,
EB-3293,Vaibhav Kawadkar,vaibhav.kawadkar@elektrobit.com,,Engineering,Senior Engineer,,,EB India,2023-09-20,2000-09-12,
EB-3294,Rekha Boodanoor,rekha.boodanoor@elektrobit.com,,Engineering,Technical Specialist,,,EB India,2021-03-07,1983-12-27,
EB-3295,Anusha Sanshi,anusha.sanshi@elektrobit.com,,Engineering,Executive Engineer,,,EB India,2019-02-27,1981-02-18,
EB-3296,Kaushal Yadav,kaushal.yadav@elektrobit.com,,Engineering,Executive Engineer,,,EB India,2020-01-24,1981-10-13,
EB-3297,Madhav V,madhav.v@elektrobit.com,,Engineering,Senior Engineer,,,EB India,2019-07-25,1991-03-14,
